"visitor_id","product_name","orders"
"2681848891195863360_4611687161962477181","Plastic Miniature Graceful Snails",1
"2681848891195863360_4611687161962477181","Plastic Miniature Snakes ",1
"2681848891195863360_4611687161962477181","Plastic Miniature Umbrellas ",1
"2681848891195863360_4611687161962477181","Plastic Miniature Grapes ",1
"2681848891195863360_4611687161962477181","Plastic Edible Shoes ",1
"2681848891195863360_4611687161962477181","Plastic Edible Graceful Snails",1
"2681848891195863360_4611687161962477181","Plastic Edible Snakes ",1
"2681848891195863360_4611687161962477181","Plastic Edible Grapes ",1
"2681860831204942665_4611687143171957628","Cheap Edible Clams ",1
"2681860831204942665_4611687143171957628","Cheap Edible Umbrellas ",1
"2681860831204942665_4611687143171957628","Cheap Guitars  ",1
"2681860831204942665_4611687143171957628","Cheap Boxes  ",1
"2681860831204942665_4611687143171957628","Wooden Shoes  ",2
"2681947699065985346_4611687173773594760","Plastic Miniature Graceful Snails",1
"2681947699065985346_4611687173773594760","Plastic Miniature Snakes ",1
"2681947699065985346_4611687173773594760","Plastic Edible Umbrellas ",1
"2681998585838511177_4611687201154066710","Cheap Jellyfish  ",1
"2681998585838511177_4611687201154066710","Cheap Clams  ",1
"2681998585838511177_4611687201154066710","Plastic Edible Jellyfish ",1
"2681998585838511177_4611687201154066710","Plastic Edible Graceful Snails",1
"2681998585838511177_4611687201154066710","Plastic Edible Snakes ",1
"2681998585838511177_4611687201154066710","Plastic Edible Calculators ",1
"2682018374900319069_6917530215736421173","Ancient Mittens  ",1
"2682018374900319069_6917530215736421173","Ancient Incredible Zebras ",1
"2682018374900319069_6917530215736421173","Illegal Magnificent Zebras ",1
"2682027630554853409_4611687129750186663","Edible Fabulous Baseballs ",1
"2682040936363533397_6917530155606878696","Edible Fabulous Baseballs ",1
"2682149689230439611_6917530148090679302","Ancient Shoes  ",1
"2682149689230439611_6917530148090679302","Illegal Graceful Zebras ",1
"2682163843295157144_6917530141648254473","Miniature Snails  ",1
"2682163843295157144_6917530141648254473","Miniature Rings  ",1
"2682311923030110034_6917530167954927806","Edible Fabulous Baseballs ",1
"2682311923030110034_6917530167954927806","Edible Mittens  ",1
"2682358506245392253_4611687142635131639","Ancient Guitars  ",1
"2682358506245392253_4611687142635131639","Ancient Snakes  ",1
"2682358506245392253_4611687142635131639","Ancient Magnificent Zebras ",1
"2682678300920319369_4611687131897723907","Ancient Graceful Zebras ",1
"2682695122159738232_6917530184061042534","Cheap Edible Birds ",1
"2682695122159738232_6917530184061042534","Cheap Birds  ",1
"2682695122159738232_6917530184061042534","Grubby Miniature Baseballs ",1
"2682695122159738232_6917530184061042534","Ancient Magnificent Zebras ",1
"2682695122159738232_6917530184061042534","Plastic Miniature Jellyfish ",1
"2682695122159738232_6917530184061042534","Plastic Miniature Graceful Snails",1
"2682695122159738232_6917530184061042534","Plastic Miniature Snakes ",1
"2682695122159738232_6917530184061042534","Plastic Edible Mittens ",1
"2682695122159738232_6917530184061042534","Plastic Edible Graceful Snails",1
"2682695122159738232_6917530184061042534","Plastic Edible Snakes ",1
"2682707268327248714_4611687165720528675","Grubby Fabulous Pens ",1
"2682707268327248714_4611687165720528675","Illegal Fabulous Pens ",1
"2682707268327248714_4611687165720528675","Illegal Cows  ",1
"2682745981014972490_6917530171176151110","Cheap Miniature Birds ",1
"2682745981014972490_6917530171176151110","Cheap Edible Birds ",1
"2682745981014972490_6917530171176151110","Grubby Fabulous Baseballs ",2
"2682745981014972490_6917530171176151110","Imaginary Creatures  ",1
"2682745981014972490_6917530171176151110","Plastic Miniature Boxes ",1
"2682745981014972490_6917530171176151110","Plastic Edible Fabulous Pens",1
"2682745981014972490_6917530171176151110","Plastic Edible Boxes ",1
"2682745981014972490_6917530171176151110","Plastic Edible Jewels ",2
"2682750911637434674_6917530178155457307","Ancient Mittens  ",1
"2683020221119280820_4611687211354555359","Edible Fabulous Baseballs ",1
"2683020221119280820_4611687211354555359","Edible Birds  ",1
"2683233481277909990_4611687153372519306","Ancient Graceful Zebras ",1
"2683233481277909990_4611687153372519306","Ancient Oranges  ",1
"2683233481277909990_4611687153372519306","Illegal Graceful Zebras ",1
"2683281108171603549_6917530633958860963","Ancient Shoes  ",1
"2683281108171603549_6917530633958860963","Ancient Snakes  ",1
"2683281108171603549_6917530633958860963","Ancient Jewels  ",1
"2683281108171603549_6917530633958860963","Plastic Miniature Graceful Snails",1
"2683281108171603549_6917530633958860963","Plastic Miniature Jewels ",1
"2683298391118646747_4611687163036176991","Ancient Mittens  ",2
"2683304447022542733_4611687121160250914","Ancient Graceful Zebras ",1
"2683304447022542733_4611687121160250914","Illegal Fabulous Pens ",1
"2683304447022542733_4611687121160250914","Illegal Graceful Zebras ",1
"2683322930414292318_6917530216810182895","Ancient Graceful Snails ",1
"2683322930414292318_6917530216810182895","Illegal Graceful Zebras ",1
"2683436023345658001_6917530135205812741","Illegal Cats  ",1
"2683436023345658001_6917530135205812741","Illegal Cows  ",1
"2683488018219741568_6917530171176169334","Imaginary Pencils  ",1
"2683563031971044800_4611687159278076921","Ancient Snakes  ",1
"2683600273632474185_4611687124918372397","Grubby Fabulous Baseballs ",1
"2683600273632474185_4611687124918372397","Grubby Fabulous Pens ",1
"2683600273632474185_4611687124918372397","Illegal Cows  ",1
"2683636108692100485_6917530218420767929","Miniature Fabulous Pens ",1
"2683636108692100485_6917530218420767929","Miniature Graceful Zebras ",1
"2683636108692100485_6917530218420767929","Miniature Magnificent Zebras ",1
"2683636108692100485_6917530218420767929","Miniature Boxes  ",1
"2683800578022257441_6917530184061035454","Plastic Edible Fabulous Pens",1
"2683800578022257441_6917530184061035454","Plastic Edible Shoes ",1
"2683800578022257441_6917530184061035454","Plastic Edible Paintings ",1
"2683800578022257441_6917530184061035454","Plastic Edible Grapes ",1
"2683876225281234801_6917530194798468585","Miniature Graceful Zebras ",1
"2683876225281234801_6917530194798468585","Edible Fabulous Baseballs ",1
"2683883092933936666_6917530135205790996","Cheap Edible Snakes ",1
"2683883092933936666_6917530135205790996","Plastic Edible Grapes ",1
"2683972176998118892_6917530216810161027","Cheap Miniature Birds ",1
"2683972176998118892_6917530216810161027","Edible Jellyfish  ",1
"2683972176998118892_6917530216810161027","Edible Fabulous Baseballs ",1
"2683972176998118892_6917530216810161027","Plastic Miniature Jellyfish ",1
"2683972176998118892_6917530216810161027","Plastic Miniature Graceful Snails",1
"2683972176998118892_6917530216810161027","Plastic Miniature Snakes ",1
"2683972176998118892_6917530216810161027","Plastic Miniature Umbrellas ",1
"2683974837730350502_4611687201154048159","Wooden Fabulous Pens ",1
"2683974837730350502_4611687201154048159","Wooden Graceful Zebras ",1
"2683974837730350502_4611687201154048159","Wooden Jewels  ",1
"2683983573693836716_4611687137803301492","Plastic Edible Jellyfish ",1
"2683983573693836716_4611687137803301492","Plastic Edible Guitars ",1
"2683983573693836716_4611687137803301492","Plastic Edible Umbrellas ",1
"2684004717817831841_4611687129750208002","Miniature Graceful Zebras ",1
"2684004717817831841_4611687129750208002","Miniature Magnificent Zebras ",1
"2684004717817831841_4611687129750208002","Plastic Miniature Graceful Snails",1
"2684004717817831841_4611687129750208002","Plastic Edible Snakes ",1
"2684004717817831841_4611687129750208002","Plastic Edible Magnificent Snails",1
"2684017499640511654_6917530147016966279","Imaginary Mittens  ",1
"2684017499640511654_6917530147016966279","Imaginary Snails  ",1
"2684020834682611644_4611687122770878492","Ancient Yams  ",1
"2684070181709362085_4611687201690925530","Edible Jellyfish  ",1
"2684070181709362085_4611687201690925530","Edible Fabulous Baseballs ",1
"2684070181709362085_4611687201690925530","Edible Guitars  ",1
"2684070181709362085_4611687201690925530","Edible Umbrellas  ",1
"2684247319045547213_4611687211891447990","Imaginary Jewels  ",1
"2684330467464915802_4611687136192641828","Cheap Edible Shoes ",1
"2684330467464915802_4611687136192641828","Cheap Edible Snakes ",1
"2684330467464915802_4611687136192641828","Cheap Edible Snails ",1
"2684330467464915802_4611687136192641828","Cheap Edible Grapes ",1
"2684351693193285746_6917530145406360357","Miniature Guitars  ",1
"2684374065677935137_4611687120086547683","Ancient Shoes  ",1
"2684374065677935137_4611687120086547683","Ancient Mittens  ",1
"2684374065677935137_4611687120086547683","Illegal Incredible Zebras ",1
"2684394393758149409_4611687204375232956","Edible Shoes  ",1
"2684394393758149409_4611687204375232956","Edible Graceful Zebras ",1
"2684400520528999837_4611687178605440610","Cheap Edible Shoes ",1
"2684400520528999837_4611687178605440610","Cheap Edible Clams ",1
"2684400520528999837_4611687178605440610","Cheap Edible Snakes ",1
"2684400520528999837_4611687178605440610","Cheap Edible Boxes ",1
"2684400520528999837_4611687178605440610","Plastic Edible Shoes ",2
"2684400520528999837_4611687178605440610","Plastic Edible Graceful Snails",1
"2684400520528999837_4611687178605440610","Plastic Edible Snakes ",1
"2684534162731375317_4611687144782584566","Ancient Shoes  ",1
"2684534162731375317_4611687144782584566","Ancient Graceful Zebras ",1
"2684534162731375317_4611687144782584566","Illegal Shoes  ",1
"2684554237408510675_6917530129300212854","Plastic Miniature Snakes ",1
"2684595368162822572_6917530131984558228","Ancient Graceful Snails ",1
"2684595368162822572_6917530131984558228","Illegal Graceful Zebras ",1
"2684655972298863546_4611687137803271343","Cheap Edible Jellyfish ",1
"2684655972298863546_4611687137803271343","Cheap Edible Shoes ",1
"2684655972298863546_4611687137803271343","Cheap Edible Clams ",1
"2684655972298863546_4611687137803271343","Cheap Edible Umbrellas ",1
"2684655972298863546_4611687137803271343","Cheap Clams  ",1
"2684655972298863546_4611687137803271343","Ancient Oranges  ",1
"2684704477512019035_4611687120086519308","Wooden Shoes  ",1
"2684704477512019035_4611687120086519308","Wooden Incredible Zebras ",1
"2684704477512019035_4611687120086519308","Wooden Rings  ",1
"2684714250710098264_4611687196859069911","Ancient Mittens  ",1
"2684732248770555186_6917530183524156942","Illegal Jellyfish  ",1
"2684732248770555186_6917530183524156942","Illegal Graceful Zebras ",1
"2684757662092044571_4611687167868033400","Imaginary Mittens  ",1
"2684769574183831409_6917530140574503006","Edible Magnificent Zebras ",1
"2684960807602689036_6917530164196834141","Illegal Shoes  ",1
"2684960807602689036_6917530164196834141","Illegal Birds  ",1
"2684960807602689036_6917530164196834141","Illegal Rings  ",1
"2684988067760118187_6917530170639270534","Miniature Snails  ",1
"2684988067760118187_6917530170639270534","Miniature Rings  ",1
"2684992781486728169_6917530167954950242","Ancient Jewels  ",1
"2684992781486728169_6917530167954950242","Illegal Jewels  ",1
"2685083529850729201_4611687209207113327","Ancient Graceful Snails ",1
"2685083529850729201_4611687209207113327","Illegal Graceful Snails ",1
"2685109121413352540_4611687196859110677","Cheap Jewels  ",1
"2685113835139964083_6917530144869528155","Ancient Mittens  ",1
"2685113835139964083_6917530144869528155","Illegal Oranges  ",1
"2685127166719792050_6917530682277232673","Miniature Fabulous Baseballs ",1
"2685127166719792050_6917530682277232673","Plastic Edible Shoes ",1
"2685127166719792050_6917530682277232673","Plastic Edible Mittens ",1
"2685127166719792050_6917530682277232673","Plastic Edible Snakes ",1
"2685127166719792050_6917530682277232673","Plastic Edible Snails ",1
"2685127166719792050_6917530682277232673","Plastic Edible Magnificent Snails",1
"2685127166719792050_6917530682277232673","Plastic Edible Paintings ",1
"2685127166719792050_6917530682277232673","Plastic Edible Grapes ",1
"2685168492893778061_6917530183524176849","Wooden Shoes  ",1
"2685168492893778061_6917530183524176849","Wooden Magnificent Zebras ",1
"2685274222103701369_6917530208220247862","Ancient Snakes  ",1
"2685291472839842301_6917530162049322033","Ancient Mittens  ",1
"2685333288641439383_4611687135118895621","Edible Fabulous Baseballs ",1
"2685333288641439383_4611687135118895621","Edible Jewels  ",1
"2685471492099089168_4611687138340118281","Cheap Miniature Flowers ",2
"2685471492099089168_4611687138340118281","Cheap Miniature Snakes ",1
"2685471492099089168_4611687138340118281","Cheap Miniature Umbrellas ",1
"2685471492099089168_4611687138340118281","Cheap Snakes  ",1
"2685471492099089168_4611687138340118281","Cheap Birds  ",1
"2685472518596279425_6917530142721966098","Illegal Guitars  ",1
"2685472518596279425_6917530142721966098","Illegal Jewels  ",1
"2685547560264871571_6917530171176173422","Edible Shoes  ",1
"2685547560264871571_6917530171176173422","Plastic Miniature Graceful Snails",1
"2685580066724843604_6917530220031380535","Grubby Fabulous Baseballs ",1
"2685580066724843604_6917530220031380535","Grubby Fabulous Pens ",1
"2685647955125411964_6917530199093413010","Cheap Edible Flowers ",1
"2685647955125411964_6917530199093413010","Cheap Edible Shoes ",1
"2685647955125411964_6917530199093413010","Cheap Edible Snails ",1
"2685651943002542698_6917530131984566684","Plastic Miniature Guitars ",1
"2685651943002542698_6917530131984566684","Plastic Miniature Umbrellas ",1
"2685655168522979007_4611687173236746820","Grubby Fabulous Pens ",1
"2685659910166886656_6917530191040372717","Ancient Magnificent Zebras ",1
"2685665396987595982_4611687123307726117","Illegal Rings  ",1
"2685827407448976770_6917530209830847538","Cheap Edible Birds ",1
"2685827407448976770_6917530209830847538","Cheap Birds  ",1
"2685827407448976770_6917530209830847538","Plastic Edible Jellyfish ",1
"2685827407448976770_6917530209830847538","Plastic Edible Graceful Snails",1
"2685924067835454899_6917530202851508281","Cheap Flowers  ",1
"2685924067835454899_6917530202851508281","Cheap Edible Birds ",1
"2685944011516089975_6917530157754387973","Grubby Fabulous Pens ",1
"2685944011516089975_6917530157754387973","Edible Jewels  ",1
"2685944011516089975_6917530157754387973","Ancient Graceful Zebras ",1
"2685944011516089975_6917530157754387973","Ancient Magnificent Zebras ",1
"2685944011516089975_6917530157754387973","Ancient Jewels  ",2
"2685944011516089975_6917530157754387973","Illegal Graceful Zebras ",1
"2685944011516089975_6917530157754387973","Illegal Incredible Zebras ",1
"2685944011516089975_6917530157754387973","Illegal Jewels  ",1
"2685953215631000964_6917530170639263118","Imaginary Oranges  ",1
"2686001933445049625_6917530206072741732","Edible Fabulous Baseballs ",1
"2686001933445049625_6917530206072741732","Edible Graceful Zebras ",1
"2686012941446224037_6917530155070021721","Ancient Mittens  ",1
"2686012941446224037_6917530155070021721","Illegal Graceful Zebras ",1
"2686021252207948947_6917530209830856647","Grubby Fabulous Pens ",1
"2686021252207948947_6917530209830856647","Illegal Cows  ",1
"2686022830608424349_4611687174847339083","Ancient Mittens  ",1
"2686022830608424349_4611687174847339083","Plastic Miniature Graceful Snails",1
"2686022830608424349_4611687174847339083","Illegal Oranges  ",1
"2686025212167784031_4611687185047880231","Cheap Edible Flowers ",1
"2686025212167784031_4611687185047880231","Cheap Edible Snakes ",1
"2686058646340699870_6917530145943210805","Miniature Mittens  ",1
"2686058646340699870_6917530145943210805","Miniature Rings  ",1
"2686218142098730391_6917530191577235996","Ancient Incredible Zebras ",1
"2686218142098730391_6917530191577235996","Illegal Rings  ",1
"2686250427367886445_4611687132434574121","Miniature Fabulous Baseballs ",1
"2686286724136508669_4611687208133345502","Miniature Birds  ",1
"2686466964586576146_4611687129213308067","Ancient Snakes  ",1
"2686466964586576146_4611687129213308067","Illegal Graceful Zebras ",1
"2686468046918320497_6917530154533132217","Cheap Edible Flowers ",1
"2686468046918320497_6917530154533132217","Cheap Edible Snakes ",1
"2686468046918320497_6917530154533132217","Cheap Edible Snails ",1
"2686565645755164956_4611687151761907524","Cheap Miniature Birds ",1
"2686565645755164956_4611687151761907524","Cheap Birds  ",1
"2686565645755164956_4611687151761907524","Miniature Jellyfish  ",1
"2686565645755164956_4611687151761907524","Miniature Snakes  ",1
"2686565645755164956_4611687151761907524","Miniature Snails  ",1
"2686565645755164956_4611687151761907524","Miniature Grapes  ",1
"2686565645755164956_4611687151761907524","Miniature Rings  ",1
"2686565645755164956_4611687151761907524","Plastic Miniature Snakes ",1
"2686568763901421955_4611687188269126490","Cheap Edible Flowers ",1
"2686589452758879553_6917530143258840536","Ancient Mittens  ",1
"2686589452758879553_6917530143258840536","Ancient Graceful Zebras ",1
"2686589452758879553_6917530143258840536","Ancient Incredible Zebras ",1
"2686589452758879553_6917530143258840536","Illegal Magnificent Zebras ",1
"2686590361144459926_4611687134582022333","Wooden Graceful Zebras ",1
"2686590361144459926_4611687134582022333","Wooden Magnificent Zebras ",1
"2686594054816335996_6917530194798466872","Edible Shoes  ",1
"2686594054816335996_6917530194798466872","Ancient Graceful Zebras ",1
"2686623634256115272_4611687180752940774","Ancient Incredible Zebras ",1
"2686623634256115272_4611687180752940774","Illegal Jewels  ",1
"2686799504576951381_4611687120623370263","Miniature Magnificent Zebras ",1
"2686799504576951381_4611687120623370263","Edible Fabulous Pens ",1
"2686799504576951381_4611687120623370263","Edible Graceful Zebras ",1
"2686799504576951381_4611687120623370263","Illegal Graceful Zebras ",1
"2686799504576951381_4611687120623370263","Illegal Jewels  ",1
"2686966834355314107_6917530176544852592","Ancient Guitars  ",1
"2687049647767227968_4611687184511057052","Cheap Miniature Flowers ",1
"2687049647767227968_4611687184511057052","Cheap Miniature Guitars ",1
"2687049647767227968_4611687184511057052","Cheap Miniature Snails ",1
"2687049647767227968_4611687184511057052","Cheap Miniature Oranges ",1
"2687140945888421360_6917530686035338680","Miniature Fabulous Pens ",1
"2687140945888421360_6917530686035338680","Miniature Grapes  ",1
"2687144094098063596_6917530139500766256","Grubby Fabulous Baseballs ",1
"2687144094098063596_6917530139500766256","Illegal Fabulous Pens ",1
"2687192352350603832_4611687142638052934","Ancient Graceful Snails ",1
"2687192352350603832_4611687142638052934","Illegal Graceful Snails ",1
"2687321293711281724_4611687185047885708","Plastic Miniature Jellyfish ",1
"2687321293711281724_4611687185047885708","Plastic Miniature Guitars ",1
"2687321293711281724_4611687185047885708","Plastic Miniature Snakes ",1
"2687321293711281724_4611687185047885708","Plastic Edible Shoes ",1
"2687321293711281724_4611687185047885708","Plastic Edible Graceful Snails",1
"2687374886313199133_4611687199543414300","Cheap Edible Flowers ",1
"2687374886313199133_4611687199543414300","Cheap Edible Clams ",1
"2687374886313199133_4611687199543414300","Cheap Edible Snails ",1
"2687374886313199133_4611687199543414300","Cheap Edible Grapes ",1
"2687374886313199133_4611687199543414300","Plastic Miniature Graceful Snails",1
"2687374886313199133_4611687199543414300","Plastic Miniature Snails ",1
"2687374886313199133_4611687199543414300","Plastic Miniature Magnificent Snails",1
"2687374886313199133_4611687199543414300","Plastic Miniature Paintings ",1
"2687374886313199133_4611687199543414300","Plastic Miniature Grapes ",1
"2687374886313199133_4611687199543414300","Illegal Graceful Zebras ",1
"2687385621583964613_6917530170639301782","Edible Shoes  ",1
"2687385621583964613_6917530170639301782","Edible Graceful Zebras ",1
"2687385621583964613_6917530170639301782","Edible Paintings  ",1
"2687385621583964613_6917530170639301782","Ancient Mittens  ",1
"2687385621583964613_6917530170639301782","Ancient Graceful Zebras ",1
"2687392530038851461_4611687137803255840","Plastic Edible Fabulous Pens",1
"2687392530038851461_4611687137803255840","Plastic Edible Shoes ",1
"2687392530038851461_4611687137803255840","Plastic Edible Mittens ",1
"2687392530038851461_4611687137803255840","Plastic Edible Jewels ",1
"2687502470464219541_4611687127602692965","Cheap Miniature Snakes ",1
"2687502470464219541_4611687127602692965","Cheap Miniature Birds ",1
"2687502470464219541_4611687127602692965","Cheap Miniature Jewels ",1
"2687502470464219541_4611687127602692965","Cheap Miniature Grapes ",1
"2687502470464219541_4611687127602692965","Cheap Edible Birds ",1
"2687502470464219541_4611687127602692965","Cheap Birds  ",1
"2687502470464219541_4611687127602692965","Miniature Boxes  ",1
"2687502470464219541_4611687127602692965","Plastic Miniature Fabulous Pens",1
"2687502470464219541_4611687127602692965","Plastic Edible Guitars ",1
"2687502470464219541_4611687127602692965","Plastic Edible Umbrellas ",1
"2687502470464219541_4611687127602692965","Plastic Edible Paintings ",1
"2687502470464219541_4611687127602692965","Illegal Snakes  ",1
"2687616916310267191_6917530225936973835","Illegal Creatures  ",1
"2687616916310267191_6917530225936973835","Illegal Umbrellas  ",1
"2687616916310267191_6917530225936973835","Illegal Boxes  ",1
"2687710954619218968_4611687144245748119","Ancient Mittens  ",1
"2687710954619218968_4611687144245748119","Illegal Rings  ",1
"2687811029504702334_6917530208757090353","Illegal Umbrellas  ",1
"2687868281418747294_6917530193724738149","Edible Mittens  ",1
"2687868281418747294_6917530193724738149","Ancient Mittens  ",1
"2687912008480784979_4611687146930063521","Cheap Miniature Jellyfish ",1
"2687912008480784979_4611687146930063521","Cheap Miniature Flowers ",1
"2687912008480784979_4611687146930063521","Cheap Miniature Umbrellas ",1
"2687912008480784979_4611687146930063521","Cheap Miniature Grapes ",1
"2687912008480784979_4611687146930063521","Cheap Clams  ",1
"2687912008480784979_4611687146930063521","Cheap Rakes  ",1
"2687912008480784979_4611687146930063521","Plastic Miniature Snakes ",1
"2687912008480784979_4611687146930063521","Plastic Miniature Snails ",1
"2687920336422371699_6917530140037616829","Imaginary Snails  ",1
"2687932688748327791_6917530144869488402","Plastic Edible Graceful Snails",1
"2687934084612687922_4611687175384248108","Illegal Rings  ",1
"2687964843020983499_4611687216723305477","Imaginary Cats  ",1
"2688127860652194748_6917530223252605176","Cheap Birds  ",1
"2688127860652194748_6917530223252605176","Miniature Graceful Zebras ",1
"2688127860652194748_6917530223252605176","Edible Shoes  ",1
"2688127860652194748_6917530223252605176","Edible Calculators  ",1
"2688127860652194748_6917530223252605176","Edible Trees  ",1
"2688127860652194748_6917530223252605176","Plastic Edible Jewels ",1
"2688267475006588317_4611687205448975384","Cheap Edible Birds ",1
"2688267475006588317_4611687205448975384","Ancient Shoes  ",1
"2688267475006588317_4611687205448975384","Ancient Graceful Zebras ",1
"2688267475006588317_4611687205448975384","Plastic Miniature Snakes ",1
"2688267475006588317_4611687205448975384","Plastic Edible Fabulous Pens",1
"2688267475006588317_4611687205448975384","Plastic Edible Shoes ",1
"2688267475006588317_4611687205448975384","Plastic Edible Mittens ",1
"2688267475006588317_4611687205448975384","Plastic Edible Graceful Snails",1
"2688267475006588317_4611687205448975384","Plastic Edible Snakes ",1
"2688267475006588317_4611687205448975384","Plastic Edible Umbrellas ",1
"2688267475006588317_4611687205448975384","Plastic Edible Boxes ",1
"2688267475006588317_4611687205448975384","Illegal Shoes  ",1
"2688267475006588317_4611687205448975384","Illegal Guitars  ",1
"2688267475006588317_4611687205448975384","Illegal Graceful Zebras ",1
"2688360905577664276_4611687182363529462","Cheap Edible Shoes ",1
"2688373225692641406_6917530591546049925","Imaginary Snakes  ",1
"2688373225692641406_6917530591546049925","Imaginary Magnificent Zebras ",1
"2688431132587920359_6917530193724745056","Miniature Graceful Zebras ",1
"2688431132587920359_6917530193724745056","Miniature Snails  ",1
"2688465803711416446_4611687209743970596","Ancient Graceful Zebras ",1
"2688465803711416446_4611687209743970596","Ancient Jewels  ",1
"2688534654184654348_6917530144869467997","Miniature Graceful Zebras ",1
"2688534654184654348_6917530144869467997","Miniature Snakes  ",1
"2688534654184654348_6917530144869467997","Miniature Magnificent Zebras ",1
"2688534654184654348_6917530144869467997","Edible Fabulous Baseballs ",1
"2688534654184654348_6917530144869467997","Edible Graceful Zebras ",1
"2688534654184654348_6917530144869467997","Edible Magnificent Zebras ",1
"2688641089918088765_6917530686035362065","Ancient Graceful Snails ",1
"2688644918880056706_6917530134668933260","Cheap Edible Birds ",1
"2688670525475066086_4611687160351824617","Miniature Graceful Snails ",1
"2688713455820676527_4611687185584793430","Cheap Edible Flowers ",1
"2688713455820676527_4611687185584793430","Cheap Edible Snakes ",1
"2688814851408593651_6917530185134770987","Ancient Paintings  ",1
"2688814851408593651_6917530185134770987","Plastic Edible Guitars ",1
"2688814851408593651_6917530185134770987","Illegal Boxes  ",1
"2688833616120711191_4611687158204353439","Cheap Jellyfish  ",1
"2688833616120711191_4611687158204353439","Cheap Edible Shoes ",1
"2688833616120711191_4611687158204353439","Cheap Edible Clams ",1
"2688833616120711191_4611687158204353439","Cheap Edible Snakes ",1
"2688833616120711191_4611687158204353439","Cheap Jewels  ",1
"2688833616120711191_4611687158204353439","Edible Jewels  ",1
"2688833616120711191_4611687158204353439","Illegal Jewels  ",1
"2688861992969647865_6917530194261618855","Cheap Miniature Snakes ",1
"2688861992969647865_6917530194261618855","Cheap Miniature Oranges ",1
"2688861992969647865_6917530194261618855","Cheap Clams  ",1
"2688861992969647865_6917530194261618855","Plastic Miniature Fabulous Pens",1
"2688861992969647865_6917530194261618855","Plastic Miniature Magnificent Snails",1
"2688861992969647865_6917530194261618855","Illegal Cows  ",1
"2688861992969647865_6917530194261618855","Illegal Rings  ",1
"2688866384573705201_6917530214662692395","Ancient Magnificent Zebras ",1
"2688896447198631528_4611687673600436381","Miniature Jewels  ",1
"2688896447198631528_4611687673600436381","Plastic Edible Shoes ",1
"2688896447198631528_4611687673600436381","Plastic Edible Grapes ",1
"2688896447198631528_4611687673600436381","Illegal Boxes  ",1
"2689014777841257494_4611687164646811339","Ancient Shoes  ",1
"2689014777841257494_4611687164646811339","Ancient Guitars  ",1
"2689014777841257494_4611687164646811339","Illegal Shoes  ",1
"2689038017909306313_6917530173860492555","Grubby Fabulous Pens ",1
"2689038017909306313_6917530173860492555","Plastic Miniature Jellyfish ",1
"2689038017909306313_6917530173860492555","Plastic Edible Jellyfish ",1
"2689038017909306313_6917530173860492555","Plastic Edible Shoes ",1
"2689038017909306313_6917530173860492555","Plastic Edible Graceful Snails",1
"2689038017909306313_6917530173860492555","Plastic Edible Snakes ",1
"2689038017909306313_6917530173860492555","Plastic Edible Umbrellas ",1
"2689038017909306313_6917530173860492555","Plastic Edible Magnificent Snails",1
"2689219166744938454_4611687205448984018","Edible Paintings  ",1
"2689219166744938454_4611687205448984018","Ancient Guitars  ",1
"2689361038104671398_4611687173236729344","Ancient Mittens  ",1
"2689361038104671398_4611687173236729344","Ancient Snakes  ",1
"2689397433657533879_4611687165183661531","Cheap Miniature Snakes ",1
"2689397433657533879_4611687165183661531","Cheap Edible Fabulous Pens",1
"2689397433657533879_4611687165183661531","Cheap Edible Flowers ",1
"2689397433657533879_4611687165183661531","Cheap Edible Snakes ",1
"2689397433657533879_4611687165183661531","Cheap Snakes  ",1
"2689401659905351492_4611687139950763351","Illegal Rings  ",1
"2689453147973292801_4611687173236751638","Edible Birds  ",1
"2689545960069074966_6917530213588949673","Grubby Fabulous Baseballs ",1
"2689545960069074966_6917530213588949673","Grubby Fabulous Pens ",1
"2689562420531234517_4611687152835652751","Illegal Incredible Zebras ",1
"2689562420531234517_4611687152835652751","Illegal Jewels  ",1
"2689576048462463824_4611687194711565759","Edible Fabulous Baseballs ",1
"2689576048462463824_4611687194711565759","Edible Graceful Zebras ",1
"2689576048462463824_4611687194711565759","Edible Magnificent Zebras ",1
"2689576048462463824_4611687194711565759","Edible Boxes  ",1
"2689792761774817136_6917530223789518472","Imaginary Mittens  ",1
"2689813186491789299_4611687124918392972","Grubby Fabulous Baseballs ",1
"2689813186491789299_4611687124918392972","Ancient Graceful Snails ",1
"2689813186491789299_4611687124918392972","Ancient Graceful Zebras ",1
"2689939271699206292_4611687138877018468","Ancient Shoes  ",1
"2689995720454387035_6917530223252623866","Cheap Flowers  ",1
"2689995720454387035_6917530223252623866","Cheap Edible Jellyfish ",1
"2689995720454387035_6917530223252623866","Cheap Edible Flowers ",1
"2689995720454387035_6917530223252623866","Cheap Edible Shoes ",1
"2689995720454387035_6917530223252623866","Cheap Edible Snakes ",1
"2689995720454387035_6917530223252623866","Cheap Edible Umbrellas ",1
"2689995720454387035_6917530223252623866","Cheap Edible Birds ",1
"2689995720454387035_6917530223252623866","Cheap Jewels  ",1
"2689995720454387035_6917530223252623866","Wooden Mittens  ",1
"2689995720454387035_6917530223252623866","Ancient Graceful Zebras ",1
"2689995720454387035_6917530223252623866","Illegal Magnificent Zebras ",1
"2689995720454387035_6917530223252623866","Illegal Jewels  ",1
"2689995720454387035_6917530223252623866","Illegal Oranges  ",1
"2690009554544050048_6917530227547587087","Miniature Magnificent Zebras ",1
"2690023201802626008_6917530210904587672","Edible Cows  ",1
"2690023201802626008_6917530210904587672","Edible Magnificent Zebras ",1
"2690380513016888469_4611687156593722158","Grubby Fabulous Baseballs ",1
"2690380513016888469_4611687156593722158","Grubby Fabulous Pens ",1
"2690380513016888469_4611687156593722158","Miniature Jellyfish  ",1
"2690380513016888469_4611687156593722158","Miniature Fabulous Baseballs ",1
"2690380513016888469_4611687156593722158","Miniature Snakes  ",1
"2690380513016888469_4611687156593722158","Miniature Snails  ",1
"2690380513016888469_4611687156593722158","Illegal Cows  ",1
"2690487539306932145_4611687148540676867","Miniature Fabulous Pens ",1
"2690487539306932145_4611687148540676867","Miniature Guitars  ",1
"2690487539306932145_4611687148540676867","Miniature Mittens  ",1
"2690487539306932145_4611687148540676867","Plastic Miniature Snakes ",1
"2690487539306932145_4611687148540676867","Plastic Miniature Incredible Snails",2
"2690487539306932145_4611687148540676867","Illegal Cows  ",1
"2690500400587772836_4611687557099456091","Miniature Jellyfish  ",1
"2690500400587772836_4611687557099456091","Plastic Miniature Graceful Snails",1
"2690522141710945379_4611687141561378154","Edible Fabulous Baseballs ",1
"2690522141710945379_4611687141561378154","Ancient Graceful Zebras ",1
"2690574682045886837_4611687185047926305","Cheap Miniature Birds ",1
"2690574682045886837_4611687185047926305","Plastic Miniature Boxes ",1
"2690574682045886837_4611687185047926305","Plastic Miniature Jewels ",1
"2690832384378606152_4611687196859045603","Miniature Graceful Zebras ",1
"2690891747269098837_4611687151761900809","Cheap Edible Shoes ",1
"2690891747269098837_4611687151761900809","Cheap Edible Birds ",1
"2690891747269098837_4611687151761900809","Plastic Edible Snakes ",1
"2690891747269098837_4611687151761900809","Plastic Edible Snails ",1
"2690891747269098837_4611687151761900809","Plastic Edible Magnificent Snails",1
"2690891747269098837_4611687151761900809","Plastic Edible Paintings ",1
"2690891747269098837_4611687151761900809","Plastic Edible Incredible Snails",1
"2690891747269098837_4611687151761900809","Plastic Edible Grapes ",1
"2691036013073077870_6917530147016978113","Edible Fabulous Baseballs ",1
"2691036013073077870_6917530147016978113","Edible Fabulous Pens ",1
"2691036013073077870_6917530147016978113","Plastic Edible Umbrellas ",1
"2691062487251500672_6917530167418077086","Cheap Edible Flowers ",1
"2691062487251500672_6917530167418077086","Cheap Edible Grapes ",1
"2691062487251500672_6917530167418077086","Grubby Fabulous Baseballs ",1
"2691062487251500672_6917530167418077086","Plastic Edible Magnificent Snails",1
"2691068010579440391_6917530154533145552","Illegal Creatures  ",1
"2691172520018649551_6917530184061031896","Ancient Shoes  ",1
"2691172520018649551_6917530184061031896","Ancient Graceful Zebras ",1
"2691237648902726369_6917530183524162941","Cheap Edible Snakes ",1
"2691237648902726369_6917530183524162941","Cheap Edible Snails ",1
"2691237648902726369_6917530183524162941","Cheap Edible Boxes ",1
"2691237648902726369_6917530183524162941","Imaginary Mittens  ",1
"2691237648902726369_6917530183524162941","Ancient Snakes  ",1
"2691237648902726369_6917530183524162941","Plastic Edible Shoes ",1
"2691237648902726369_6917530183524162941","Plastic Edible Snakes ",1
"2691237648902726369_6917530183524162941","Illegal Rings  ",1
"2691372113591345435_4611687128676455495","Plastic Edible Jellyfish ",1
"2691372113591345435_4611687128676455495","Plastic Edible Guitars ",1
"2691372113591345435_4611687128676455495","Plastic Edible Mittens ",1
"2691439823750765810_4611687205449012474","Ancient Graceful Snails ",1
"2691478635222733703_6917530175471143556","Cheap Edible Birds ",1
"2691478635222733703_6917530175471143556","Grubby Miniature Baseballs ",1
"2691587061672130195_4611687141024513537","Miniature Fabulous Pens ",1
"2691587061672130195_4611687141024513537","Miniature Guitars  ",1
"2691587061672130195_4611687141024513537","Miniature Magnificent Zebras ",1
"2691587061672130195_4611687141024513537","Miniature Paintings  ",1
"2691587061672130195_4611687141024513537","Miniature Grapes  ",1
"2691587061672130195_4611687141024513537","Plastic Miniature Jellyfish ",1
"2691587061672130195_4611687141024513537","Plastic Miniature Fabulous Pens",1
"2691587061672130195_4611687141024513537","Plastic Miniature Guitars ",1
"2691587061672130195_4611687141024513537","Plastic Miniature Graceful Snails",1
"2691587061672130195_4611687141024513537","Plastic Miniature Incredible Snails",1
"2691623193084509397_4611687125992080586","Illegal Cows  ",1
"2691639155330456201_6917530142185151846","Ancient Shoes  ",1
"2691639155330456201_6917530142185151846","Plastic Edible Umbrellas ",1
"2691639155330456201_6917530142185151846","Illegal Birds Pens ",1
"2691687561760706996_4611687624745158186","Edible Fabulous Baseballs ",1
"2691687561760706996_4611687624745158186","Edible Fabulous Pens ",1
"2691687561760706996_4611687624745158186","Edible Graceful Zebras ",1
"2691751902516952283_4611687201690944272","Miniature Snakes  ",1
"2691780144074402484_6917530193724745212","Ancient Snakes  ",1
"2691780144074402484_6917530193724745212","Illegal Rings  ",1
"2691802220206307134_4611687174847391105","Miniature Birds  ",1
"2691813307664380937_4611687143172004453","Edible Boxes  ",1
"2691813307664380937_4611687143172004453","Ancient Graceful Zebras ",1
"2691834295022075791_6917530215199541707","Imaginary Jewels  ",1
"2691834295022075791_6917530215199541707","Ancient Jewels  ",1
"2691834295022075791_6917530215199541707","Illegal Jewels  ",1
"2691879991326614872_4611687144245729420","Cheap Edible Birds ",1
"2691879991326614872_4611687144245729420","Ancient Graceful Zebras ",1
"2691879991326614872_4611687144245729420","Plastic Edible Magnificent Snails",1
"2691964606477316439_6917530218957642868","Cheap Miniature Snakes ",1
"2691964606477316439_6917530218957642868","Plastic Miniature Fabulous Pens",1
"2692163993891571862_4611687211891456303","Ancient Shoes  ",1
"2692163993891571862_4611687211891456303","Illegal Birds Pens ",1
"2692177581020613503_4611687135118932362","Ancient Graceful Snails ",1
"2692177581020613503_4611687135118932362","Illegal Cushions  ",1
"2692177581020613503_4611687135118932362","Illegal Magnificent Zebras ",1
"2692191977750988484_6917530169028663983","Plastic Miniature Paintings ",1
"2692237639695798549_6917530172249887087","Plastic Edible Shoes ",1
"2692237639695798549_6917530172249887087","Plastic Edible Guitars ",1
"2692237781429721469_6917530176007981485","Plastic Miniature Boxes ",1
"2692247457991041937_4611687124381520645","Miniature Mittens  ",1
"2692247457991041937_4611687124381520645","Miniature Magnificent Zebras ",1
"2692247457991041937_4611687124381520645","Miniature Paintings  ",1
"2692247457991041937_4611687124381520645","Plastic Miniature Snakes ",1
"2692247457991041937_4611687124381520645","Plastic Miniature Magnificent Snails",2
"2692247457991041937_4611687124381520645","Plastic Miniature Paintings ",1
"2692496312692410446_4611687586627345190","Plastic Edible Jellyfish ",1
"2692496312692410446_4611687586627345190","Plastic Edible Fabulous Pens",2
"2692496312692410446_4611687586627345190","Plastic Edible Graceful Snails",2
"2692496312692410446_4611687586627345190","Plastic Edible Snakes ",2
"2692496312692410446_4611687586627345190","Plastic Edible Umbrellas ",2
"2692496312692410446_4611687586627345190","Plastic Edible Incredible Snails",1
"2692496312692410446_4611687586627345190","Plastic Edible Grapes ",1
"2692742094342133063_6917530184597925601","Ancient Mittens  ",1
"2692780274453918026_6917530187819123307","Edible Mittens  ",1
"2692780274453918026_6917530187819123307","Illegal Shoes  ",1
"2692780274453918026_6917530187819123307","Illegal Jewels  ",1
"2692796859470120361_6917530204462151173","Ancient Graceful Zebras ",1
"2692882312139453127_4611687212428354127","Illegal Rings  ",1
"2693063896914265310_6917530195335330366","Cheap Miniature Oranges ",1
"2693063896914265310_6917530195335330366","Plastic Miniature Fabulous Pens",1
"2693063896914265310_6917530195335330366","Plastic Miniature Graceful Snails",2
"2693117468041362684_6917530165270898658","Edible Jewels  ",1
"2693117468041362684_6917530165270898658","Plastic Miniature Grapes ",1
"2693117468041362684_6917530165270898658","Plastic Edible Boxes ",1
"2693117468041362684_6917530165270898658","Plastic Edible Jewels ",1
"2693168883094857463_6917530135751360022","Imaginary Snails  ",1
"2693281602365326859_4611687557636294208","Plastic Edible Fabulous Pens",1
"2693281602365326859_4611687557636294208","Plastic Edible Shoes ",1
"2693281602365326859_4611687557636294208","Plastic Edible Guitars ",2
"2693281602365326859_4611687557636294208","Plastic Edible Mittens ",1
"2693281602365326859_4611687557636294208","Plastic Edible Snakes ",1
"2693281602365326859_4611687557636294208","Plastic Edible Magnificent Snails",1
"2693281602365326859_4611687557636294208","Plastic Edible Incredible Snails",1
"2693281602365326859_4611687557636294208","Plastic Edible Jewels ",1
"2693322939276803068_6917530198019673028","Cheap Miniature Jellyfish ",1
"2693322939276803068_6917530198019673028","Cheap Miniature Snakes ",1
"2693322939276803068_6917530198019673028","Cheap Edible Jellyfish ",1
"2693322939276803068_6917530198019673028","Cheap Edible Flowers ",1
"2693322939276803068_6917530198019673028","Cheap Snakes  ",1
"2693360253952670868_4611687129226800537","Cheap Edible Flowers ",1
"2693360253952670868_4611687129226800537","Cheap Edible Clams ",1
"2693360253952670868_4611687129226800537","Cheap Edible Snails ",1
"2693360253952670868_4611687129226800537","Cheap Clams  ",1
"2693360253952670868_4611687129226800537","Grubby Fabulous Baseballs ",1
"2693360253952670868_4611687129226800537","Grubby Fabulous Pens ",1
"2693360253952670868_4611687129226800537","Imaginary Creatures  ",1
"2693360253952670868_4611687129226800537","Imaginary Jewels  ",1
"2693360253952670868_4611687129226800537","Plastic Miniature Jellyfish ",1
"2693360253952670868_4611687129226800537","Illegal Cows  ",1
"2693438368670359542_4611687139416012141","Cheap Edible Birds ",1
"2693438368670359542_4611687139416012141","Plastic Miniature Boxes ",1
"2693438368670359542_4611687139416012141","Plastic Edible Fabulous Pens",1
"2693493305597050149_6917530215736449612","Miniature Grapes  ",1
"2693496142422946344_6917530156148061297","Miniature Graceful Zebras ",1
"2693496142422946344_6917530156148061297","Miniature Rings  ",1
"2693526389730122864_6917530183527073872","Miniature Fabulous Pens ",1
"2693526389730122864_6917530183527073872","Miniature Grapes  ",1
"2693526389730122864_6917530183527073872","Edible Grapes  ",1
"2693534756326417605_4611687118475934567","Wooden Fabulous Baseballs ",1
"2693619970625050437_4611687142640470041","Cheap Edible Clams ",1
"2693619970625050437_4611687142640470041","Cheap Edible Snails ",1
"2693619970625050437_4611687142640470041","Cheap Edible Umbrellas ",1
"2693619970625050437_4611687142640470041","Cheap Jewels  ",1
"2693624147482093105_4611687673600430378","Illegal Oranges  ",1
"2693682490316500074_4611687188269137720","Cheap Edible Clams ",1
"2693702564993631103_6917530210904823058","Plastic Miniature Snakes ",1
"2693727477951433225_4611687189883968722","Edible Shoes  ",1
"2693778289562041196_4611687179689255003","Plastic Edible Graceful Snails",1
"2693778289562041196_4611687179689255003","Plastic Edible Boxes ",1
"2693778289562041196_4611687179689255003","Plastic Edible Grapes ",1
"2693854170896737276_6917530143258840885","Illegal Umbrellas  ",1
"2693881598557883714_6917530145406721744","Grubby Fabulous Pens ",1
"2693881598557883714_6917530145406721744","Imaginary Mittens  ",1
"2693881598557883714_6917530145406721744","Imaginary Magnificent Zebras ",1
"2693881598557883714_6917530145406721744","Imaginary Oranges  ",1
"2693994433791199674_4611687161425813711","Cheap Edible Birds ",1
"2693994433791199674_4611687161425813711","Imaginary Graceful Snails ",1
"2693994433791199674_4611687161425813711","Imaginary Jewels  ",1
"2693994433791199674_4611687161425813711","Plastic Edible Mittens ",1
"2693994433791199674_4611687161425813711","Plastic Edible Magnificent Snails",1
"2694110417235549739_6917530221646900983","Wooden Mittens  ",1
"2694110417235549739_6917530221646900983","Wooden Graceful Zebras ",1
"2694193600015932815_6917530576513718125","Miniature Mittens  ",1
"2694193600015932815_6917530576513718125","Miniature Jewels  ",1
"2694193600015932815_6917530576513718125","Plastic Miniature Graceful Snails",1
"2694198818399919699_6917530134132067300","Plastic Miniature Snakes ",1
"2694215626754427348_6917530216275555578","Ancient Graceful Snails ",1
"2694216079873476549_4611687160888790944","Illegal Graceful Zebras ",1
"2694216079873476549_4611687160888790944","Illegal Magnificent Zebras ",1
"2694268989575610337_6917530164208038754","Imaginary Magnificent Zebras ",1
"2694268989575610337_6917530164208038754","Illegal Cows  ",2
"2694268989575610337_6917530164208038754","Illegal Birds Baseballs ",1
"2694269474906908265_6917530141659926914","Plastic Miniature Mittens ",1
"2694269474906908265_6917530141659926914","Plastic Miniature Snakes ",1
"2694273645320154845_4611687181290258319","Cheap Miniature Birds ",1
"2694273645320154845_4611687181290258319","Plastic Miniature Graceful Snails",1
"2694273645320154845_4611687181290258319","Plastic Miniature Magnificent Snails",1
"2694273645320154845_4611687181290258319","Plastic Miniature Boxes ",1
"2694280109245931894_6917530197482869455","Miniature Fabulous Pens ",1
"2694280109245931894_6917530197482869455","Miniature Mittens  ",1
"2694280109245931894_6917530197482869455","Miniature Paintings  ",2
"2694280109245931894_6917530197482869455","Miniature Grapes  ",1
"2694280109245931894_6917530197482869455","Illegal Graceful Zebras ",1
"2694364380799251541_4611687157130636410","Ancient Shoes  ",1
"2694364380799251541_4611687157130636410","Plastic Edible Shoes ",1
"2694364380799251541_4611687157130636410","Plastic Edible Jewels ",1
"2694377804719526683_6917530201248775432","Cheap Edible Shoes ",1
"2694377804719526683_6917530201248775432","Cheap Edible Clams ",1
"2694377804719526683_6917530201248775432","Cheap Guitars  ",1
"2694377804719526683_6917530201248775432","Cheap Snakes  ",1
"2694377982960678002_6917530148631814795","Grubby Fabulous Baseballs ",1
"2694377982960678002_6917530148631814795","Ancient Mittens  ",1
"2694416693500918514_6917530155606916020","Ancient Snakes  ",1
"2694436055213474691_6917530129837124190","Imaginary Jewels  ",1
"2694467056287431558_6917530156144064188","Ancient Mittens  ",1
"2694540820203241705_6917530173863690169","Imaginary Fabulous Pens ",1
"2694540820203241705_6917530173863690169","Ancient Shoes  ",1
"2694540820203241705_6917530173863690169","Plastic Miniature Snakes ",1
"2694540820203241705_6917530173863690169","Illegal Shoes  ",1
"2694928277792958257_4611687185050755002","Miniature Fabulous Baseballs ",1
"2694928277792958257_4611687185050755002","Miniature Magnificent Zebras ",1
"2694928277792958257_4611687185050755002","Miniature Paintings  ",1
"2694928277792958257_4611687185050755002","Edible Graceful Zebras ",1
"2694928277792958257_4611687185050755002","Edible Birds  ",2
"2694928277792958257_4611687185050755002","Edible Grapes  ",1
"2694928277792958257_4611687185050755002","Imaginary Mittens  ",1
"2694928277792958257_4611687185050755002","Ancient Jewels  ",1
"2694966923908689614_4611687137813145410","Miniature Snakes  ",2
"2694975369961867926_4611687120088340894","Grubby Fabulous Pens ",1
"2694975369961867926_4611687120088340894","Imaginary Oranges  ",1
"2694975369961867926_4611687120088340894","Illegal Jewels  ",1
"2695011937313439044_6917530154004005732","Illegal Rings  ",1
"2695116554126820614_4611687163573063189","Cheap Miniature Flowers ",1
"2695116554126820614_4611687163573063189","Cheap Miniature Snakes ",1
"2695116554126820614_4611687163573063189","Cheap Miniature Snails ",1
"2695116554126820614_4611687163573063189","Cheap Miniature Umbrellas ",1
"2695116554126820614_4611687163573063189","Cheap Miniature Birds ",1
"2695116554126820614_4611687163573063189","Cheap Miniature Jewels ",1
"2695116554126820614_4611687163573063189","Cheap Guitars  ",1
"2695116554126820614_4611687163573063189","Cheap Clams  ",1
"2695209928863320048_6917530153999145267","Grubby Fabulous Pens ",1
"2695209928863320048_6917530153999145267","Edible Spiders  ",1
"2695209928863320048_6917530153999145267","Edible Boxes  ",1
"2695209928863320048_6917530153999145267","Illegal Cows  ",1
"2695222976973970942_4611687208134749016","Miniature Jellyfish  ",1
"2695222976973970942_4611687208134749016","Miniature Fabulous Baseballs ",1
"2695222976973970942_4611687208134749016","Miniature Graceful Zebras ",1
"2695222976973970942_4611687208134749016","Miniature Magnificent Zebras ",1
"2695222976973970942_4611687208134749016","Edible Fabulous Baseballs ",1
"2695222976973970942_4611687208134749016","Edible Shoes  ",1
"2695222976973970942_4611687208134749016","Edible Guitars  ",1
"2695222976973970942_4611687208134749016","Edible Birds  ",1
"2695222976973970942_4611687208134749016","Edible Jewels  ",1
"2695285687791467403_4611687205985887599","Illegal Cows  ",2
"2695285687791467403_4611687205985887599","Illegal Guitars  ",1
"2695291846774562328_6917530174934239253","Grubby Miniature Baseballs ",1
"2695291846774562328_6917530174934239253","Ancient Shoes  ",1
"2695291846774562328_6917530174934239253","Illegal Birds Baseballs ",1
"2695291846774562328_6917530174934239253","Illegal Birds Pens ",1
"2695344322684984868_4611687184513728493","Ancient Shoes  ",1
"2695344322684984868_4611687184513728493","Ancient Graceful Snails ",1
"2695344584677983939_4611687141561387446","Wooden Fabulous Baseballs ",1
"2695484841130001403_6917530140574553611","Ancient Shoes  ",1
"2695520680484608209_6917530132527505941","Ancient Mittens  ",1
"2695531510244642097_4611687161429098770","Miniature Fabulous Baseballs ",1
"2695542728699222328_4611687135660805390","Cheap Jellyfish  ",1
"2695542728699222328_4611687135660805390","Cheap Flowers  ",1
"2695545992874368959_6917530149167453691","Edible Fabulous Baseballs ",1
"2695545992874368959_6917530149167453691","Edible Fabulous Pens ",1
"2695601316348109247_6917530189434286169","Illegal Cushions  ",1
"2695604928415607605_4611687122234062387","Ancient Incredible Zebras ",1
"2695647553818531503_6917530137890196344","Grubby Fabulous Baseballs ",1
"2695647553818531503_6917530137890196344","Illegal Cows  ",1
"2695663037175643061_4611687174851696890","Miniature Graceful Snails ",1
"2695663037175643061_4611687174851696890","Miniature Snakes  ",1
"2695663037175643061_4611687174851696890","Illegal Jewels  ",1
"2695676059516481105_6917530203926406068","Cheap Miniature Snakes ",1
"2695676059516481105_6917530203926406068","Cheap Miniature Birds ",2
"2695676059516481105_6917530203926406068","Cheap Umbrellas  ",1
"2695676059516481105_6917530203926406068","Plastic Miniature Jellyfish ",1
"2695676059516481105_6917530203926406068","Plastic Miniature Boxes ",1
"2695683169834828774_4611687126531459699","Edible Fabulous Baseballs ",1
"2695683169834828774_4611687126531459699","Edible Shoes  ",1
"2695683169834828774_4611687126531459699","Edible Guitars  ",1
"2695683169834828774_4611687126531459699","Edible Calculators  ",1
"2695703759908059146_4611687131360790260","Cheap Flowers  ",1
"2695703759908059146_4611687131360790260","Cheap Miniature Flowers ",1
"2695703759908059146_4611687131360790260","Cheap Miniature Snakes ",1
"2695703759908059146_4611687131360790260","Cheap Edible Shoes ",1
"2695714729254533545_4611687167331221885","Miniature Graceful Zebras ",1
"2695714729254533545_4611687167331221885","Miniature Snakes  ",1
"2695714729254533545_4611687167331221885","Miniature Magnificent Zebras ",1
"2695714729254533545_4611687167331221885","Edible Fabulous Pens ",1
"2695724259786962863_4611687131897746870","Ancient Mittens  ",1
"2695724259786962863_4611687131897746870","Illegal Jewels  ",2
"2695880955226300097_6917530220031377636","Edible Fabulous Baseballs ",1
"2695880955226300097_6917530220031377636","Edible Fabulous Pens ",1
"2695920196195007203_6917530191578554834","Miniature Jellyfish  ",1
"2695940788415702488_6917530164199648390","Miniature Grapes  ",1
"2695941842830166067_6917530183526178545","Edible Fabulous Pens ",1
"2695941842830166067_6917530183526178545","Edible Magnificent Zebras ",1
"2695945549386947947_6917530147018320897","Plastic Miniature Jellyfish ",1
"2695956082794246686_4611687142638139530","Illegal Graceful Zebras ",2
"2695956082794246686_4611687142638139530","Illegal Snakes  ",1
"2695956082794246686_4611687142638139530","Illegal Jewels  ",1
"2695956082794246686_4611687142638139530","Illegal Oranges  ",1
"2695956082794246686_4611687142638139530","Illegal Trees  ",1
"2695980274197538164_6917530166881195233","Miniature Fabulous Baseballs ",1
"2695980274197538164_6917530166881195233","Miniature Mittens  ",1
"2695980274197538164_6917530166881195233","Illegal Rings  ",1
"2695989647963668418_4611687184512673617","Imaginary Fabulous Baseballs ",1
"2695989647963668418_4611687184512673617","Imaginary Dolls  ",1
"2695989647963668418_4611687184512673617","Imaginary Mittens  ",1
"2696023586795230738_4611687135118889158","Cheap Clams  ",1
"2696023586795230738_4611687135118889158","Plastic Miniature Graceful Snails",1
"2696071866522601196_4611687139421155395","Illegal Snakes  ",1
"2696114633659452467_6917530177625572533","Grubby Fabulous Baseballs ",1
"2696118024536141432_4611687118479077987","Cheap Edible Flowers ",1
"2696118024536141432_4611687118479077987","Cheap Edible Shoes ",1
"2696118024536141432_4611687118479077987","Cheap Edible Guitars ",1
"2696118024536141432_4611687118479077987","Cheap Edible Snakes ",1
"2696118024536141432_4611687118479077987","Cheap Edible Snails ",1
"2696150311952784942_4611687163040950172","Grubby Miniature Baseballs ",1
"2696150311952784942_4611687163040950172","Ancient Mittens  ",1
"2696216014215003390_4611687144784969466","Cheap Birds  ",1
"2696216014215003390_4611687144784969466","Grubby Fabulous Pens ",1
"2696216014215003390_4611687144784969466","Miniature Guitars  ",1
"2696216014215003390_4611687144784969466","Miniature Graceful Zebras ",2
"2696216014215003390_4611687144784969466","Miniature Snakes  ",1
"2696216014215003390_4611687144784969466","Edible Guitars  ",1
"2696216014215003390_4611687144784969466","Edible Graceful Zebras ",1
"2696216014215003390_4611687144784969466","Imaginary Fabulous Baseballs ",1
"2696216014215003390_4611687144784969466","Imaginary Graceful Zebras ",1
"2696216014215003390_4611687144784969466","Ancient Graceful Snails ",1
"2696216014215003390_4611687144784969466","Illegal Dolls  ",1
"2696216014215003390_4611687144784969466","Illegal Graceful Zebras ",1
"2696216014215003390_4611687144784969466","Illegal Boxes  ",1
"2696247322379095440_4611687157668771319","Edible Socks  ",1
"2696275744325178812_6917530186752301962","Imaginary Snakes  ",1
"2696294092425464497_6917530138970235139","Edible Fabulous Pens ",1
"2696294092425464497_6917530138970235139","Ancient Magnificent Zebras ",1
"2696294092425464497_6917530138970235139","Illegal Birds Baseballs ",1
"2696294092425464497_6917530138970235139","Illegal Incredible Zebras ",1
"2696349203298331485_4611687134584320014","Ancient Graceful Zebras ",1
"2696349203298331485_4611687134584320014","Ancient Jewels  ",1
"2696349203298331485_4611687134584320014","Illegal Graceful Zebras ",1
"2696349203298331485_4611687134584320014","Illegal Jewels  ",1
"2696436184976003800_4611687197396721132","Grubby Fabulous Pens ",1
"2696436184976003800_4611687197396721132","Illegal Jewels  ",1
"2696444407690901848_6917530216810162721","Miniature Mittens  ",1
"2696444407690901848_6917530216810162721","Miniature Grapes  ",1
"2696617129800708702_6917530176009159152","Miniature Snakes  ",1
"2696617129800708702_6917530176009159152","Miniature Paintings  ",1
"2696617129800708702_6917530176009159152","Ancient Mittens  ",1
"2696617129800708702_6917530176009159152","Illegal Guitars  ",1
"2696642147985206892_6917530167423496626","Cheap Edible Flowers ",1
"2696642147985206892_6917530167423496626","Cheap Edible Snails ",1
"2696642147985206892_6917530167423496626","Cheap Edible Birds ",1
"2696798220654281281_6917530170639664887","Illegal Jewels  ",1
"2696798220654281281_6917530170639664887","Illegal Oranges  ",1
"2696813892989944838_4611687118478595606","Miniature Graceful Zebras ",1
"2696813892989944838_4611687118478595606","Miniature Snakes  ",1
"2696813892989944838_4611687118478595606","Miniature Magnificent Zebras ",1
"2696813892989944838_4611687118478595606","Plastic Miniature Snakes ",1
"2696813892989944838_4611687118478595606","Plastic Miniature Magnificent Snails",1
"2696876094853813700_4611687182364327064","Cheap Edible Shoes ",1
"2696876094853813700_4611687182364327064","Cheap Edible Clams ",1
"2696876094853813700_4611687182364327064","Cheap Edible Umbrellas ",1
"2696939456358857443_6917530172790493993","Ancient Mittens  ",1
"2696939456358857443_6917530172790493993","Illegal Jewels  ",1
"2696956825206600064_6917530218422078033","Illegal Rings  ",1
"2697019868884058042_6917530201245295424","Ancient Graceful Zebras ",1
"2697019868884058042_6917530201245295424","Illegal Boxes  ",1
"2697170585728916302_6917530163129435814","Wooden Shoes  ",1
"2697170585728916302_6917530163129435814","Wooden Mittens  ",1
"2697269043559203789_4611687173237445274","Cheap Edible Flowers ",1
"2697269043559203789_4611687173237445274","Cheap Edible Shoes ",1
"2697269043559203789_4611687173237445274","Cheap Edible Boxes ",1
"2697269043559203789_4611687173237445274","Cheap Clams  ",1
"2697333229697965140_6917530134135062024","Cheap Flowers  ",1
"2697333229697965140_6917530134135062024","Cheap Miniature Flowers ",1
"2697333229697965140_6917530134135062024","Cheap Miniature Birds ",1
"2697333229697965140_6917530134135062024","Illegal Rings  ",1
"2697343589159079418_6917530189971285606","Edible Shoes  ",1
"2697343589159079418_6917530189971285606","Illegal Umbrellas  ",1
"2697414176946601395_4611687151226608896","Edible Graceful Zebras ",1
"2697414176946601395_4611687151226608896","Edible Umbrellas  ",1
"2697519304861095173_6917530174401043382","Cheap Miniature Guitars ",1
"2697519304861095173_6917530174401043382","Cheap Miniature Mittens ",1
"2697519304861095173_6917530174401043382","Cheap Clams  ",1
"2697534818282973295_6917530220568279356","Grubby Fabulous Pens ",1
"2697534818282973295_6917530220568279356","Miniature Fabulous Baseballs ",1
"2697534818282973295_6917530220568279356","Plastic Miniature Magnificent Snails",1
"2697557764145754088_4611687142101620671","Miniature Magnificent Zebras ",1
"2697557764145754088_4611687142101620671","Miniature Grapes  ",1
"2697557764145754088_4611687142101620671","Illegal Magnificent Zebras ",1
"2697642742221183935_6917530130376643275","Plastic Miniature Jellyfish ",1
"2697642742221183935_6917530130376643275","Plastic Miniature Graceful Snails",1
"2697688795008012453_4611687189881821773","Cheap Edible Flowers ",1
"2697688795008012453_4611687189881821773","Cheap Edible Snails ",1
"2697688795008012453_4611687189881821773","Cheap Edible Umbrellas ",1
"2697688795008012453_4611687189881821773","Cheap Edible Boxes ",1
"2697688795008012453_4611687189881821773","Plastic Miniature Fabulous Pens",1
"2697688795008012453_4611687189881821773","Plastic Miniature Mittens ",1
"2697688795008012453_4611687189881821773","Plastic Miniature Graceful Snails",1
"2697688795008012453_4611687189881821773","Plastic Miniature Snakes ",1
"2697722057382232814_6917530128764925152","Cheap Jellyfish  ",1
"2697722057382232814_6917530128764925152","Wooden Graceful Zebras ",1
"2697755974738971627_6917530141655910841","Plastic Edible Jellyfish ",2
"2697755974738971627_6917530141655910841","Plastic Edible Snails ",1
"2697766774434236786_4611687159816705323","Ancient Graceful Zebras ",1
"2697766774434236786_4611687159816705323","Ancient Paintings  ",1
"2697774591274723992_6917530159902258356","Cheap Miniature Mittens ",1
"2697774591274723992_6917530159902258356","Cheap Miniature Snakes ",1
"2697774591274723992_6917530159902258356","Cheap Miniature Birds ",2
"2697774591274723992_6917530159902258356","Plastic Miniature Magnificent Snails",1
"2697774591274723992_6917530159902258356","Plastic Miniature Boxes ",1
"2697780838304653026_4611687161426803949","Ancient Shoes  ",1
"2697780838304653026_4611687161426803949","Illegal Jewels  ",1
"2697799746898178130_6917530136816464734","Grubby Miniature Baseballs ",1
"2697799746898178130_6917530136816464734","Edible Fabulous Baseballs ",1
"2697799746898178130_6917530136816464734","Edible Graceful Zebras ",1
"2697799746898178130_6917530136816464734","Edible Jewels  ",1
"2697799746898178130_6917530136816464734","Ancient Mittens  ",1
"2697799746898178130_6917530136816464734","Illegal Graceful Zebras ",1
"2697799746898178130_6917530136816464734","Illegal Jewels  ",1
"2698005289000578050_6917530137353344708","Miniature Magnificent Zebras ",1
"2698005289000578050_6917530137353344708","Miniature Grapes  ",1
"2698005289000578050_6917530137353344708","Edible Shoes  ",1
"2698005289000578050_6917530137353344708","Edible Umbrellas  ",1
"2698005289000578050_6917530137353344708","Edible Magnificent Zebras ",1
"2698005289000578050_6917530137353344708","Edible Paintings  ",1
"2698005289000578050_6917530137353344708","Edible Grapes  ",1
"2698131908931421591_6917530152922530843","Cheap Edible Flowers ",2
"2698131908931421591_6917530152922530843","Cheap Edible Shoes ",1
"2698131908931421591_6917530152922530843","Cheap Edible Clams ",1
"2698139382175895161_4611687675211044760","Ancient Mittens  ",1
"2698175290248607956_4611687145323302618","Edible Birds  ",1
"2698175290248607956_4611687145323302618","Edible Jewels  ",1
"2698175290248607956_4611687145323302618","Plastic Edible Fabulous Pens",1
"2698175290248607956_4611687145323302618","Plastic Edible Graceful Snails",1
"2698184825075992653_4611687204912144619","Ancient Guitars  ",1
"2698184825075992653_4611687204912144619","Plastic Edible Jellyfish ",1
"2698184825075992653_4611687204912144619","Plastic Edible Umbrellas ",1
"2698184825075992653_4611687204912144619","Plastic Edible Grapes ",1
"2698306061265354579_6917530128228440451","Cheap Miniature Birds ",1
"2698306061265354579_6917530128228440451","Cheap Edible Snakes ",1
"2698306061265354579_6917530128228440451","Plastic Miniature Snakes ",1
"2698332829649019923_4611687135124975430","Cheap Miniature Birds ",1
"2698332829649019923_4611687135124975430","Cheap Clams  ",1
"2698332829649019923_4611687135124975430","Ancient Shoes  ",1
"2698332829649019923_4611687135124975430","Illegal Cows  ",1
"2698332829649019923_4611687135124975430","Illegal Birds  ",1
"2698332829649019923_4611687135124975430","Illegal Birds Baseballs ",1
"2698332829649019923_4611687135124975430","Illegal Birds Pens ",1
"2698332829649019923_4611687135124975430","Illegal Rings  ",1
"2698344604301855733_4611687155521928809","Edible Mittens  ",1
"2698344604301855733_4611687155521928809","Plastic Miniature Jellyfish ",1
"2698358698237040886_6917530227551635599","Miniature Graceful Snails ",1
"2698467201995842344_6917530163128395401","Ancient Snakes  ",1
"2698467201995842344_6917530163128395401","Illegal Incredible Zebras ",1
"2698470466170988480_4611687217797018182","Plastic Miniature Magnificent Snails",1
"2698470466170988480_4611687217797018182","Plastic Miniature Paintings ",1
"2698470466170988480_4611687217797018182","Plastic Miniature Grapes ",1
"2698492443518642660_4611687119015428284","Illegal Fabulous Pens ",1
"2698493809318246410_6917530174401677723","Ancient Snakes  ",1
"2698627494470291998_6917530156146276217","Imaginary Snakes  ",1
"2698849185649730645_6917530214663932375","Imaginary Snakes  ",1
"2698849185649730645_6917530214663932375","Ancient Shoes  ",1
"2698988376949854687_6917530166345370843","Grubby Miniature Baseballs ",1
"2698988376949854687_6917530166345370843","Plastic Edible Shoes ",1
"2698988376949854687_6917530166345370843","Plastic Edible Snakes ",1
"2698988376949854687_6917530166345370843","Plastic Edible Magnificent Snails",1
"2698988376949854687_6917530166345370843","Illegal Birds Pens ",1
"2699081547675418205_6917530218423098962","Miniature Graceful Zebras ",1
"2699081547675418205_6917530218423098962","Miniature Birds  ",1
"2699081547675418205_6917530218423098962","Ancient Graceful Zebras ",1
"2699081547675418205_6917530218423098962","Illegal Graceful Zebras ",2
"2699081547675418205_6917530218423098962","Illegal Snakes  ",1
"2699081547675418205_6917530218423098962","Illegal Magnificent Zebras ",2
"2699139162514195790_4611687180753065120","Grubby Miniature Baseballs ",1
"2699139162514195790_4611687180753065120","Imaginary Mittens  ",1
"2699139162514195790_4611687180753065120","Imaginary Snakes  ",1
"2699199678603403479_6917530174399687143","Grubby Fabulous Pens ",1
"2699199678603403479_6917530174399687143","Edible Fabulous Baseballs ",1
"2699199678603403479_6917530174399687143","Edible Calculators  ",1
"2699207506181304823_4611687151762825565","Miniature Mittens  ",1
"2699207506181304823_4611687151762825565","Ancient Graceful Zebras ",1
"2699207506181304823_4611687151762825565","Illegal Graceful Zebras ",1
"2699612220949609240_6917530223790818126","Grubby Fabulous Baseballs ",1
"2699612220949609240_6917530223790818126","Grubby Fabulous Pens ",1
"2699612220949609240_6917530223790818126","Ancient Mittens  ",1
"2699612220949609240_6917530223790818126","Ancient Snakes  ",1
"2699612220949609240_6917530223790818126","Ancient Jewels  ",1
"2699678745698044003_4611687152303163567","Edible Fabulous Baseballs ",1
"2699678745698044003_4611687152303163567","Edible Shoes  ",1
"2699678745698044003_4611687152303163567","Edible Calculators  ",1
"2699750542518860350_6917530147018732697","Imaginary Mittens  ",1
"2699780525685539998_6917530163659992582","Cheap Edible Flowers ",1
"2699780525685539998_6917530163659992582","Cheap Edible Clams ",1
"2699780525685539998_6917530163659992582","Cheap Edible Snakes ",1
"2699780525685539998_6917530163659992582","Cheap Edible Snails ",1
"2699915559457338463_6917530136279524802","Cheap Jellyfish  ",2
"2699915559457338463_6917530136279524802","Cheap Miniature Snakes ",1
"2699915559457338463_6917530136279524802","Cheap Clams  ",1
"2699915559457338463_6917530136279524802","Wooden Magnificent Zebras ",1
"2699915559457338463_6917530136279524802","Plastic Miniature Magnificent Snails",1
"2699915559457338463_6917530136279524802","Plastic Miniature Paintings ",2
"2699915559457338463_6917530136279524802","Illegal Guitars  ",1
"2699956735308797247_4611687167872635330","Ancient Magnificent Zebras ",1
"2699956735308797247_4611687167872635330","Illegal Graceful Zebras ",1
"2700027539992153156_4611687128142442054","Imaginary Fabulous Pens ",1
"2700191639955112132_4611687131360789096","Plastic Miniature Graceful Snails",1
"2700191639955112132_4611687131360789096","Plastic Miniature Jewels ",1
"2700191639955112132_4611687131360789096","Plastic Edible Shoes ",1
"2700191639955112132_4611687131360789096","Plastic Edible Jewels ",1
"2700214695340944867_6917530684961853570","Edible Mittens  ",1
"2700214695340944867_6917530684961853570","Imaginary Pencils  ",1
"2700214695340944867_6917530684961853570","Imaginary Guitars  ",1
"2700214695340944867_6917530684961853570","Imaginary Mittens  ",1
"2700223841472424910_6917530177085649420","Edible Jewels  ",1
"2700223841472424910_6917530177085649420","Ancient Mittens  ",1
"2700223841472424910_6917530177085649420","Ancient Graceful Snails ",1
"2700223841472424910_6917530177085649420","Ancient Snakes  ",1
"2700299327670132233_6917530173861332317","Wooden Fabulous Baseballs ",1
"2700299327670132233_6917530173861332317","Wooden Graceful Zebras ",1
"2700300738566897613_4611687143708844837","Ancient Graceful Snails ",1
"2700300738566897613_4611687143708844837","Ancient Oranges  ",1
"2700300738566897613_4611687143708844837","Illegal Graceful Snails ",1
"2700300738566897613_4611687143708844837","Illegal Birds  ",1
"2700300738566897613_4611687143708844837","Illegal Oranges  ",1
"2700322773896609274_6917530178160615731","Cheap Jellyfish  ",1
"2700322773896609274_6917530178160615731","Cheap Miniature Guitars ",1
"2700322773896609274_6917530178160615731","Cheap Miniature Boxes ",1
"2700322773896609274_6917530178160615731","Plastic Miniature Boxes ",1
"2700323658659868120_4611687206527833836","Illegal Birds  ",1
"2700488044238154822_4611687205987256479","Miniature Birds  ",1
"2700488044238154822_4611687205987256479","Imaginary Snakes  ",1
"2700490247556374911_6917530143797582549","Edible Shoes  ",1
"2700490247556374911_6917530143797582549","Illegal Birds  ",1
"2700492311288160770_4611687194714070097","Plastic Miniature Paintings ",1
"2700492311288160770_4611687194714070097","Illegal Boxes  ",1
"2700548760043335860_4611687137266376299","Wooden Magnificent Zebras ",1
"2700548760043335860_4611687137266376299","Plastic Miniature Boxes ",1
"2700548760043335860_4611687137266376299","Plastic Miniature Rings ",1
"2700548760043335860_4611687137266376299","Plastic Edible Fabulous Pens",1
"2700548760043335860_4611687137266376299","Plastic Edible Snakes ",1
"2700556239728881541_4611687141567291706","Illegal Birds  ",1
"2700567827550646921_4611687124918454513","Grubby Miniature Baseballs ",1
"2700567827550646921_4611687124918454513","Plastic Edible Umbrellas ",1
"2700579095397339040_4611687194713980362","Ancient Jewels  ",1
"2700579095397339040_4611687194713980362","Illegal Jewels  ",1
"2700690981442885124_6917530216277256540","Miniature Snakes  ",1
"2700690981442885124_6917530216277256540","Miniature Magnificent Zebras ",1
"2700690981442885124_6917530216277256540","Miniature Paintings  ",1
"2700690981442885124_6917530216277256540","Miniature Birds  ",1
"2700690981442885124_6917530216277256540","Miniature Boxes  ",1
"2700690981442885124_6917530216277256540","Miniature Grapes  ",1
"2700690981442885124_6917530216277256540","Miniature Rings  ",1
"2700690981442885124_6917530216277256540","Edible Shoes  ",1
"2700690981442885124_6917530216277256540","Edible Grapes  ",1
"2700690981442885124_6917530216277256540","Edible Trees  ",1
"2700690981442885124_6917530216277256540","Ancient Graceful Snails ",1
"2700690981442885124_6917530216277256540","Ancient Graceful Zebras ",1
"2700735500926401279_4611687122774507614","Cheap Miniature Birds ",1